modelo,n_estimators,max_samples,contamination,precision@20_piloto,precision@20_estabilidad,n_neighbors
lof,,,0.02,0.3,0.2,10.0
lof,,,0.05,0.3,0.2,10.0
lof,,,0.02,0.25,0.1,20.0
lof,,,0.05,0.25,0.1,20.0
isolation_forest,300.0,64.0,0.02,0.25,0.2,
isolation_forest,300.0,64.0,0.05,0.25,0.2,
lof,,,0.02,0.25,0.2,35.0
lof,,,0.05,0.25,0.2,35.0
isolation_forest,100.0,64.0,0.02,0.2,0.2,
isolation_forest,100.0,64.0,0.05,0.2,0.2,
isolation_forest,300.0,256.0,0.02,0.2,0.1,
isolation_forest,300.0,256.0,0.05,0.2,0.1,
isolation_forest,100.0,256.0,0.02,0.15,0.1,
isolation_forest,100.0,256.0,0.05,0.15,0.1,
