placa_norm,anio,mes,kg_comprados,kg_vendidos,kg_diferencia,pct_diferencia,puntaje
F1B180,2022,1,2674.8,2406.6,268.2000000000003,0.10026917900403778,51.044215634788785
H7D250,2024,1,10617.900000000001,9571.4,1046.500000000001,0.09855997890354974,50.12669419658855
H7D250,2017,6,13591.7,12284.8,1306.9000000000005,0.09615427062104082,48.835277865272204
F1B180,2017,5,1941.0,1762.2,178.79999999999995,0.09211746522411125,46.66826682164561
C1M977,2016,3,11846.3,10823.2,1023.1000000000004,0.08636451887931257,43.58000840025817
F1B180,2019,10,5911.9,5422.2,489.7000000000003,0.0828329301916474,41.684204432710445
F1B180,2023,6,5639.1,5178.0,461.0999999999999,0.08176836729265306,41.1127328526064
F1B180,2018,1,6614.8,6085.1,529.6999999999998,0.08007800689363243,40.20532481773484
F1B180,2018,3,1950.7,1796.5,154.20000000000005,0.07904854667555239,39.65269682549858
H7D250,2018,4,11935.8,11017.099999999999,918.7000000000007,0.07697012349402645,38.536971506878565
H7D250,2022,8,3373.1,3115.4,257.6999999999998,0.07639856511814053,38.23015133824617
F1B180,2019,9,2151.1,1988.6000000000001,162.49999999999977,0.0755427455720328,37.770735977481564
F1B180,2024,9,3668.7,3399.4,269.29999999999995,0.07340474827595606,36.62303047863189
F1B180,2020,7,2297.8,2129.7,168.10000000000036,0.0731569327182524,36.48999977798558
C1M977,2022,4,19299.6,17926.4,1373.1999999999998,0.07115173371468839,35.41358217591408
H7D250,2018,9,5575.0,5183.3,391.6999999999998,0.07026008968609862,34.934935754561344
F1B180,2018,10,11277.1,10485.6,791.5,0.07018648411382358,34.895423300452514
H7D250,2016,8,8852.5,8232.7,619.7999999999997,0.07001412030499855,34.802896106169264
F1B180,2023,2,6023.7,5606.1,417.5999999999999,0.0693261616614373,34.433590719466814
F1B180,2019,5,11957.4,11128.9,828.5000000000002,0.06928763778078849,34.412910585895645
